[{
        "title": "Give Food",
        "description": "Learn about reducing food waste and how to play your",
        "image": "../src/images/img1.png",
        "link": "/login",
        "value": "donor"
    },
    {
        "title": "Get Food",
        "description": "Learn about reducing food waste and how to play your",
        "image": "../src/images/img2.png",
        "link": "/login",
        "value": "donee"
    },
    {
        "title": "Give Time",
        "description": "Learn about reducing food waste and how to play your",
        "image": "../src/images/img4.png",
        "link": "/login",
        "value": "rider"
    },

    {
        "title": "Give Money",
        "description": "Learn about reducing food waste and how to play your",
        "image": "../src/images/img5.png",
        "link": "/donateMoney"
    }
]