[{
        "title": "Give Food",
        "description": "Learn about reducing food waste and how to play your",
        "image": "../src/images/img1.png",
        "link": "/Login",
        "value": "/donerRegistration"
    },
    {
        "title": "Get Food",
        "description": "Learn about reducing food waste and how to play your",
        "image": "../src/images/img2.png",
        "link": "/GetFoodOption"
    },
    {
        "title": "Get Information",
        "description": "Learn about reducing food waste and how to play your",
        "image": "../src/images/img3.png",
        "link": ""
    },
    {
        "title": "Give Time",
        "description": "Learn about reducing food waste and how to play your",
        "image": "../src/images/img4.png",
        "link": ""
    },
    {
        "title": "Give Money",
        "description": "Learn about reducing food waste and how to play your",
        "image": "../src/images/img5.png",
        "link": ""
    },
    {
        "title": "Get to Know us",
        "description": "Learn about reducing food waste and how to play your",
        "image": "../src/images/img6.png",
        "link": ""
    }
]